_id,nome/primeiro,nome/último,idade,escalão etário
6045074c221e2fdf430e9ef0,Cheryl,Berger,21,[20-24]
6045074ca84d18be9281b55a,Lester,Strong,21,[20-24]
6045074c59ddce7b480d4bb0,Haley,Estes,21,[20-24]
6045074ced727ead94846c6f,Rosalind,Michael,21,[20-24]
6045074c361483666639cf3f,Myrna,Guerrero,21,[20-24]
6045074c3b985bf3204634a9,Hollie,Solis,21,[20-24]
6045074ca48c50bb5a187e69,Kristen,Jacobs,21,[20-24]
6045074c4a7b266d505b113b,Mcdonald,Bender,21,[20-24]
6045080a86afeab709b429d6,Schmidt,Hopper,21,[20-24]
6045080aeec1e18c559ac9cf,Hunter,Russo,21,[20-24]
6045080a37634d9dae91b7c0,Frazier,Aguilar,21,[20-24]
6045080a4e39839843c03cc9,Lindsay,Thompson,21,[20-24]
6045087f7016f364d3973e0d,Levine,Sampson,21,[20-24]
6045087ff643684c06189d26,Summer,Spencer,21,[20-24]
6045087f2ebb487db436ddee,Trujillo,Burke,21,[20-24]
6045087ffe2d6ce6c6007f49,Pacheco,Robbins,21,[20-24]
6045087f2b77da1b5332031d,Joanne,Wise,21,[20-24]
6045074c222607e7520ffd24,Marla,Kelley,22,[20-24]
6045074c6619e6ba7eca2f8d,Nikki,Calderon,22,[20-24]
6045074cb789f82702d32997,Milagros,Osborn,22,[20-24]
6045074c7ff70b520706c3ee,Mari,Collier,22,[20-24]
6045074ccf6b5ebbc03c6090,Brigitte,Yates,22,[20-24]
6045074cc6566b4baba944fa,Kristina,Brock,22,[20-24]
6045074cf6397a6bc6be6359,Donna,Blevins,22,[20-24]
6045074c278fac7cd8282ed5,Cantrell,Santos,22,[20-24]
6045074c03d0fb1e777063a7,Nunez,Guy,22,[20-24]
6045080aaa0ada3192b91c99,Annabelle,Duffy,22,[20-24]
6045080aacfbb6d58bb75238,Mabel,Faulkner,22,[20-24]
6045080a0d38ca52ae42f81e,Kent,Tyler,22,[20-24]
6045080a59eb39817c66a007,Virginia,Mcdowell,22,[20-24]
6045080aa137299ac7a16d6d,Ratliff,Medina,22,[20-24]
6045080a55af9145340ac552,Faulkner,Baird,22,[20-24]
6045080a0cd0ce91aea6b1f2,Flynn,York,22,[20-24]
6045080a198a9d37edbae04c,Stacey,Mills,22,[20-24]
6045080a55db3eb665fd4b53,Velasquez,Barber,22,[20-24]
6045087fcdb58e0f20764efb,Burch,Navarro,22,[20-24]
6045087fdf3a09bd57b06788,Lela,Chan,22,[20-24]
6045087f9d09887cf54b49d2,Skinner,Mcintosh,22,[20-24]
6045087f1272a2ee8214e5e9,Ayers,Lara,22,[20-24]
6045087f36377794307654b2,Kramer,Mcclure,22,[20-24]
6045087f8a02d4180b971e78,Holcomb,Mathis,22,[20-24]
6045074ceb6760bb864a39b1,Castaneda,Kennedy,23,[20-24]
6045074c9e6cbb382663fec7,Jeanie,Cantrell,23,[20-24]
6045074c295e3d8d4ce4d632,Lisa,Ford,23,[20-24]
6045074c8065c6ccce42a706,Kathie,Preston,23,[20-24]
6045074cfe9f4c4f41665e6b,Robbie,Bailey,23,[20-24]
6045074c8168984eb2052386,Carmella,Shaw,23,[20-24]
6045074c08703b7dcce0c160,Leticia,Pena,23,[20-24]
6045074c1e9c2c3c5287a4a9,Villarreal,Walton,23,[20-24]
6045080a2d8d40fe87d58da2,Tamera,Pierce,23,[20-24]
6045080a593021e64f2593b8,Marsh,Jenkins,23,[20-24]
6045080a1289582604fbf852,Newton,Zamora,23,[20-24]
6045080a9201481ade7f22f1,Ashlee,Beard,23,[20-24]
6045080abc2359bda63f1d3c,Maynard,Erickson,23,[20-24]
6045087f6ee0fd71f915f83d,Rhea,Patel,23,[20-24]
6045087f25d4dc988847ef41,Young,Estes,23,[20-24]
6045087fac67ab6f177b1bc7,Harding,Hudson,23,[20-24]
6045087fe4cda053a9dc932b,Blackburn,Price,23,[20-24]
6045087fa45eb07d9e9f7682,Kate,Woods,23,[20-24]
6045087f51e332d1dee8e675,Farrell,Gilliam,23,[20-24]
6045087f16f6fbb4446905ef,Jacqueline,Love,23,[20-24]
6045074c9ae0a9bcc61c9661,Freeman,Diaz,24,[20-24]
6045074c02fe9542b23ae7ec,Leanne,Barron,24,[20-24]
6045074c864a3fac3c0fd2f5,Chandra,Edwards,24,[20-24]
6045074c2720d4395f557ed3,Mcknight,Price,24,[20-24]
6045074c89d64aa6b8000146,Sofia,Todd,24,[20-24]
6045074cc0cb9ac2102dd0dd,Elliott,Vaughan,24,[20-24]
6045080a02b4d245dddde35c,Osborne,Cox,24,[20-24]
6045080a77d1283ebbc0596a,Foley,Pollard,24,[20-24]
6045080a4246590382611f1c,Lula,Whitaker,24,[20-24]
6045080af5a1db2fd1425e66,Tami,Briggs,24,[20-24]
6045080aa899691e4f6a1c64,Bianca,Prince,24,[20-24]
6045080a3deb9ff2a08ff1bf,Combs,Rollins,24,[20-24]
6045087f89000f8c0125afa4,Kristen,Goodwin,24,[20-24]
6045087f02a4aaa7f7e7aaf6,Stewart,Pugh,24,[20-24]
6045087f3a6a892523c710a6,Bowers,Conrad,24,[20-24]
6045087f7a548df2cb58c06c,Bell,Zimmerman,24,[20-24]
6045087fcbabecca5bdf121e,Silvia,Ayala,24,[20-24]
6045087fc685b737d0d577ca,Marci,Summers,24,[20-24]
6045087f176d66ec44eb73f5,Cunningham,Curry,24,[20-24]
6045074c0b7490e6d11b418c,Dawson,Mayo,25,[25-29]
6045074cabb58fd0a9a57fd9,Kristi,Melton,25,[25-29]
6045074cf31ec3064c59bb84,Goldie,Mcgee,25,[25-29]
6045080a956a5ebbe36752e0,Josefa,Valencia,25,[25-29]
6045080a038710ff3794f700,Gill,Fitzpatrick,25,[25-29]
6045080a15f60e26c916e4cf,Latisha,Cantrell,25,[25-29]
6045087ff33544a79ea9f01d,Joseph,Schmidt,25,[25-29]
6045087f0539d5086b7f5c62,Boyle,Lancaster,25,[25-29]
6045087f6c99c5ca1fef2800,Dixon,Henry,25,[25-29]
6045087facd5a88eb78a1b3b,Curtis,Curtis,25,[25-29]
6045087ff78c7385e46941ca,Evelyn,Grant,25,[25-29]
6045087f7641ef54583fdca8,Maria,Mcfadden,25,[25-29]
6045074c6c87caf7f00f0050,Martha,Hyde,26,[25-29]
6045074c72c495d69492c8e3,Logan,Kane,26,[25-29]
6045074ca993fd193a051591,Elisa,Bernard,26,[25-29]
6045074c17073c393e85f3d6,Hester,Johnston,26,[25-29]
6045080a94353bd5c1b93145,Jennifer,Morris,26,[25-29]
6045080aedc9a0c2d4777e55,Shepard,Stevens,26,[25-29]
6045080ad6e26a1329c72634,Isabella,Dickson,26,[25-29]
6045080a67c260c77d746f31,Andrea,Hensley,26,[25-29]
6045080abdd69cbdafb823a6,Gaines,Owens,26,[25-29]
6045080a8ae5d9af29a2cc23,Tammy,Maddox,26,[25-29]
6045087f785b1ce21d531102,Maryann,Workman,26,[25-29]
6045087fdf5b8e40dc26ae7e,Avis,Craft,26,[25-29]
6045087fabaf6e6cbae04340,Banks,Lyons,26,[25-29]
6045087f291a701ca35cea6d,Randall,Nichols,26,[25-29]
6045087f9be6deacd746580c,Lena,Lynch,26,[25-29]
6045087f0a2e47fc3acb5b74,Hood,Burks,26,[25-29]
6045087f9a61d03a5e07c235,Tanya,Ballard,26,[25-29]
6045087f8c76705b94c4b47e,Carmella,Lindsay,26,[25-29]
6045087fbfab6df82408b402,Le,Blair,26,[25-29]
6045087f7395939346e7bce6,Decker,Allen,26,[25-29]
6045087f584b57d72903cd89,Deanne,Stone,26,[25-29]
6045074c8eaa8b6bbed6bfc9,Valentine,Sellers,27,[25-29]
6045074c81b39abf24e303c2,Lott,Robertson,27,[25-29]
6045074c6161e1bcd4414e70,Wilson,Tucker,27,[25-29]
6045074cfa7f7a33e8519b51,Tania,Sargent,27,[25-29]
6045074c5dbfa15251afbbbb,Walker,Wooten,27,[25-29]
6045074cb0412dcf6f0f006c,Ashley,Rivers,27,[25-29]
6045080a72aef31d6def8dbc,Brooks,Gamble,27,[25-29]
6045080acf150245f13d3fe6,Fox,Williams,27,[25-29]
6045080a5aa69caa6bfeef23,Nadine,Nixon,27,[25-29]
6045080a82e4808472654203,Charles,Bowman,27,[25-29]
6045080ab63a5f2bae0c2123,Karla,Marsh,27,[25-29]
6045080adc8b166f4e85cf02,Watson,Robles,27,[25-29]
6045080a44597b26d96191e4,Shields,Bean,27,[25-29]
6045080a958a4eaed41a50ac,Mathis,Miller,27,[25-29]
6045080a41ebd1c142c52bca,Foster,Randolph,27,[25-29]
6045087fd430a5e6991761ea,Frank,Schwartz,27,[25-29]
6045087ffac33067944f998a,Alston,Richardson,27,[25-29]
6045087f803a5ef1dc037ed0,Kathryn,Maddox,27,[25-29]
6045087f37659a1603d35d5d,Foreman,Tran,27,[25-29]
6045087feb8982af45359fcb,Jacobs,Carroll,27,[25-29]
6045087fbf21055ce37c88b2,Burton,Singleton,27,[25-29]
6045087f9ad6fea10caab507,Chase,Chang,27,[25-29]
6045087f3bc628a1ed79fbdc,Daniel,Mccormick,27,[25-29]
6045087f9ee16ad68be9a413,Glenn,Best,27,[25-29]
6045074cd77860ac9483d34e,Delgado,Gay,28,[25-29]
6045074c8aaf730b690566eb,Isabella,Howell,28,[25-29]
6045074ce408bf47cd8ef29c,Samantha,Romero,28,[25-29]
6045074c98bdb10215c86319,Graciela,Carney,28,[25-29]
6045074c8d01952612531667,Marie,Craft,28,[25-29]
6045074c28937f104dd2c8ff,Reva,Kirk,28,[25-29]
6045080a2d1db76127466c46,Ivy,Sandoval,28,[25-29]
6045080aa9955b8ec7e165db,Livingston,Thomas,28,[25-29]
6045080a79d9352330df33b7,Blevins,Davenport,28,[25-29]
6045080abc1fe29a6ca08a9b,Nielsen,Tanner,28,[25-29]
6045080ae33d7a75f492561c,Torres,Pittman,28,[25-29]
6045080a0bb4696de41dea41,Anna,May,28,[25-29]
6045080a293d7282016e2267,Nola,Wade,28,[25-29]
6045080a35822d3e9e6d9faf,Pate,Davis,28,[25-29]
6045080aed938f4bb8a2e520,Bernice,Bartlett,28,[25-29]
6045080ae1d6916f3b95c228,Banks,Anderson,28,[25-29]
6045080a4dd892834dda6b2c,House,Murphy,28,[25-29]
6045080ab3ae59570ffac582,Stevenson,Perkins,28,[25-29]
6045087f72ed7063891da752,Celia,Rogers,28,[25-29]
6045087f7701f89c2a13a485,Gilbert,Harrison,28,[25-29]
6045087f313481c6d15b67b4,Madeleine,Gould,28,[25-29]
6045087f23f2237a43537ea3,Blevins,Frost,28,[25-29]
6045087f1c0f1a208cd2102a,Amalia,Flynn,28,[25-29]
6045087fd4df86ffc49b1f78,Chrystal,Poole,28,[25-29]
6045074c529cbdce549d3923,Graves,Goff,29,[25-29]
6045074c3319a0f9e79aad87,Mckay,Bolton,29,[25-29]
6045074cf6738949f27f48ca,Langley,Mcbride,29,[25-29]
6045074cf77ae5c41b56a7ba,Vaughan,Herman,29,[25-29]
6045074c2b90a45cc70c522d,Julianne,Powell,29,[25-29]
6045074c83efeeb0d77ecc4e,Miranda,Powers,29,[25-29]
6045074c2c7e5907972c7943,Lora,Ward,29,[25-29]
6045074c7e6e525d71491d06,Maritza,Kaufman,29,[25-29]
6045074cac0ddb39c6a7014d,Simmons,Conway,29,[25-29]
6045080ae625276e231d7b19,Stephenson,Cooke,29,[25-29]
6045080ae48745fc87e145d5,Stanton,Barrera,29,[25-29]
6045080a136d0bcc404dd76c,Roberta,Montoya,29,[25-29]
6045080a421eabd60bc09b4a,Lily,Marks,29,[25-29]
6045080afbe1bd02c781ed0a,Rojas,Bray,29,[25-29]
6045080a9db3416ed29795d2,Alyssa,Melendez,29,[25-29]
6045080a28dca6889fa4afc1,Leon,Schmidt,29,[25-29]
6045087fd4f557717ffb8134,Patti,Osborne,29,[25-29]
6045087f297392e586124083,Vera,Scott,29,[25-29]
6045087fdc7f0f3b35df3229,Roberta,Joseph,29,[25-29]
6045087f870a17562881faf1,Letitia,Dean,29,[25-29]
6045087f4aaa6f9a5b10a4ec,Douglas,Gay,29,[25-29]
6045074cbea2f209cb62a712,Sharon,Bradley,30,[30-34]
6045074c740bc47f1c1edc43,Robbins,Walsh,30,[30-34]
6045074cb083f240bd2fb336,Jewel,Wagner,30,[30-34]
6045074ce43fd30421285b88,Deann,Vargas,30,[30-34]
6045074c4b24d5da91e74040,Stone,Thomas,30,[30-34]
6045074c55eefae749877cf9,Peters,Emerson,30,[30-34]
6045080a22dbbbb126581290,Park,Collier,30,[30-34]
6045080ab765f7ceda483cf4,Louise,Weeks,30,[30-34]
6045080a1f8de56b4ba0e78a,Francis,Moran,30,[30-34]
6045080af056495da0598131,Allen,Moon,30,[30-34]
6045080a806c5a97f674539f,Madge,Daugherty,30,[30-34]
6045087f322ec7e2d1ba33de,Freda,Wooten,30,[30-34]
6045087fba462d9e6551e810,Jessie,Dyer,30,[30-34]
6045087f484057afc8302d78,Robles,Nelson,30,[30-34]
6045087fa4c6f497d119ac26,Sheppard,Greer,30,[30-34]
6045087fb4461a33985ba7f3,Lilian,Levine,30,[30-34]
6045087f617d3386b418fdc0,Dalton,Chaney,30,[30-34]
6045074c1e1efe942191e3f9,Faith,Wells,31,[30-34]
6045074c112d6ee3d5dde27a,Lela,Barnes,31,[30-34]
6045074c661a72e48a7550e1,Castro,Weber,31,[30-34]
6045074c4d375505fdb84c32,Laverne,Hays,31,[30-34]
6045074c5ed2139555a9ec4c,Deirdre,Higgins,31,[30-34]
6045074cf07ad0ce69fd74a1,Mcdowell,Church,31,[30-34]
6045074c5ce4af80891d205a,Agnes,Graham,31,[30-34]
6045080a1013306ca003687a,Lang,Farmer,31,[30-34]
6045080afc8dd8c2d9980199,Mclaughlin,Sargent,31,[30-34]
6045080a5134d10d1834f140,Valeria,Kelly,31,[30-34]
6045080ae11556caac9cebf4,Joann,Barnes,31,[30-34]
6045080a8b1a5bb478693ddf,Ana,Sharpe,31,[30-34]
6045080a7de0cfaf0ef402e9,Burt,Wright,31,[30-34]
6045080ac12e5b0deb714eb2,Bishop,Valentine,31,[30-34]
6045080acc0d03587bfff129,Larsen,Miles,31,[30-34]
6045080ae97a6baf23e02ab6,Lawrence,Hahn,31,[30-34]
6045080a37ced53a324c6b7d,Helen,Pruitt,31,[30-34]
6045080adbc10b3a6c6c7ae2,Wiley,Stark,31,[30-34]
6045087f21574f5c90f8da50,Pruitt,Ochoa,31,[30-34]
6045087fb249676f4679c430,Callie,Wynn,31,[30-34]
6045087f90fa1b62427bad84,Eve,Kline,31,[30-34]
6045087f6596a1acd8601d68,Brock,Peterson,31,[30-34]
6045087fe0cf75048a508a62,Powers,Torres,31,[30-34]
6045087f3ca05e39d49ff012,Garner,Reid,31,[30-34]
6045074ceaa529d03ad4e0c2,Waters,Dale,32,[30-34]
6045074cc38fa636edf15de0,Rebekah,Mayer,32,[30-34]
6045074c037bf20c161692af,Munoz,Meyers,32,[30-34]
6045074c9470060fa69b3554,Freida,Mcneil,32,[30-34]
6045074cdc692eb0964911ca,Emilia,Rosales,32,[30-34]
6045074ce47a37af115ec751,Elma,Estrada,32,[30-34]
6045074c1a612a3724deac11,Vivian,Pope,32,[30-34]
6045074c2bf5752765e58542,Fields,Colon,32,[30-34]
6045074ca687f766328598a6,Maldonado,Jefferson,32,[30-34]
6045080ac3b9f0b5c3455f38,Rhea,Wyatt,32,[30-34]
6045080a9172a2a449a0cb72,Alberta,Talley,32,[30-34]
6045080ac4c3c76b950e4e52,Karen,Blanchard,32,[30-34]
6045080a423f43228aa9c98c,Shelton,Ingram,32,[30-34]
6045080ac37e5c257021f672,Herrera,Wilder,32,[30-34]
6045087fcc1396f35014c1c5,Frieda,Hansen,32,[30-34]
6045087f69fb659e78f8228f,Christina,Hurley,32,[30-34]
6045087f9d7b4f3facd6de3b,Petra,Leon,32,[30-34]
6045087f2163c83b7ff75913,Meagan,Le,32,[30-34]
6045087fd401061a922f83a0,Crawford,Kelley,32,[30-34]
6045087f2d57d03eabdffa58,Christa,Norris,32,[30-34]
6045087f3b2f2226aa475964,Cassie,Kirk,32,[30-34]
6045087f7cb205a0f0cc46d3,Dolores,Williams,32,[30-34]
6045087fcd5ba8b2702d9c05,Esmeralda,Young,32,[30-34]
6045087f06912e24b9407c46,Deana,Franco,32,[30-34]
6045074cafc93f21bcabc1d8,Eunice,Hunter,33,[30-34]
6045074c2749e27663f8df8f,Aisha,Riddle,33,[30-34]
6045074c3d427fccb06421c6,Tami,Lawrence,33,[30-34]
6045074c444ff5040bbcaaba,Fowler,Madden,33,[30-34]
6045074c84832cfc5285583a,May,French,33,[30-34]
6045074c32630ef7b686f0dc,Sherman,Lowery,33,[30-34]
6045080a7e83ea8f5fc168f7,Hurley,Kaufman,33,[30-34]
6045080affac1260e5af2cc1,Frost,Dejesus,33,[30-34]
6045080acec41968c537fb9c,Wagner,Steele,33,[30-34]
6045080a294db58c17a81d89,Latonya,Lee,33,[30-34]
6045080a901840b3ac8f3039,Anne,Petty,33,[30-34]
6045087f4e6157a5b576c9ba,Smith,Noel,33,[30-34]
6045087f9a97707323e7fcfa,Haley,Washington,33,[30-34]
6045087f8ded9d477239d67b,Jackie,Garrison,33,[30-34]
6045087f3ca068279bd2d1ca,Garrison,Evans,33,[30-34]
6045087fb21218c5a4988022,Geneva,Barker,33,[30-34]
6045087fd5b200702d2ae5f6,Landry,Kidd,33,[30-34]
6045087fb98bfee8174fed3f,Shaw,Yang,33,[30-34]
6045087f05e4c54a2cc80c0d,Roth,Booker,33,[30-34]
6045087f8ee711d1423a795f,Barr,Bell,33,[30-34]
6045074ca6adebd591b5d239,Foreman,Prince,34,[30-34]
6045074c344b052551309595,Merrill,Maddox,34,[30-34]
6045074c92f9f354a2821467,Ina,Robles,34,[30-34]
6045074c485e53459b96d372,Banks,Guerra,34,[30-34]
6045074cfdb88eaaff90e7d0,Emily,Webb,34,[30-34]
6045080aa8e36885d98d1243,Kramer,Acosta,34,[30-34]
6045080a06616037b4ab9a69,Liza,Webb,34,[30-34]
6045080a4804a0983045d31c,Welch,Rosales,34,[30-34]
6045080a62b788933552d8da,Woodard,Rhodes,34,[30-34]
6045080ab037d6f7e566cdfb,Jody,Hart,34,[30-34]
6045080afe69b08279f99d56,Staci,Jarvis,34,[30-34]
6045080a22460abc8b6fc38a,Vivian,Mercado,34,[30-34]
6045080ae0836fa32ce921f6,Jennie,Hawkins,34,[30-34]
6045080a26dfb0e45d459d52,Mclean,Reilly,34,[30-34]
6045087ffb0b7216af1e3225,Elena,Mcneil,34,[30-34]
6045087fd864970944909932,Albert,Sweeney,34,[30-34]
6045087f8fb4d2582c9d7d51,Justice,Bryan,34,[30-34]
6045087f4d3042896b167763,Stefanie,Byrd,34,[30-34]
6045087f9474b15469b00324,Velazquez,Meyers,34,[30-34]
6045074c0ae66598285ff526,Lucia,Bright,35,[35-39]
6045074cfdc3867699e6852a,Beck,Stevenson,35,[35-39]
6045074c85287f624b4fadb5,Hardin,Mejia,35,[35-39]
6045074ca5e461081ffbd1cd,Vang,George,35,[35-39]
6045074ce249a2b523da6eeb,Miller,Rojas,35,[35-39]
6045074c2fda29bc1ad2fe7a,Marsh,Crosby,35,[35-39]
6045074ca8e8f207a7af8b7c,Bowers,Gilliam,35,[35-39]
6045074cc3767c3826a73900,Kim,Combs,35,[35-39]
6045080a704df2e4fe455fa9,Frank,Bishop,35,[35-39]
6045080a982c74964f47aabf,Tanisha,Castro,35,[35-39]
6045080ae54c178d778011ea,Hodge,Maxwell,35,[35-39]
6045080a4c08f6c2ea0529c3,Anita,Lyons,35,[35-39]
6045087f01de1c293fd7deac,Dana,Morrison,35,[35-39]
6045087fd413173c61728857,Price,Hardin,35,[35-39]
